slide	case	split	n_tiles	n_plaque_boxes
NACC003627_10_AB4G8_121909	NACC003627	train	22	14
NACC003627_14_AB4G8_121447	NACC003627	train	40	28
NACC003627_7_AB4G8_121657	NACC003627	train	55	64
NACC004234_10_AB4G8_011335	NACC004234	train	24	47
NACC005734_10_AB4G8_013334	NACC005734	train	44	89
NACC005734_14_AB4G8_013628	NACC005734	train	24	59
NACC005734_7_AB4G8_013515	NACC005734	train	50	94
NACC012883_7_AB4G8_113120	NACC012883	train	100	64
NACC014159_10_AB4G8_085521	NACC014159	train	24	83
NACC014159_14_AB4G8_025830	NACC014159	train	24	48
NACC014159_7_AB4G8_001732	NACC014159	train	24	49
NACC018551_10_AB4G8_102137	NACC018551	train	24	79
NACC018551_7_AB4G8_101950	NACC018551	train	24	69
NACC025427_10_AB4G8_161353	NACC025427	train	24	25
NACC025427_14_AB4G8_161020	NACC025427	train	24	74
NACC025427_7_AB4G8_161200	NACC025427	train	24	61
NACC004234_14_AB4G8_011003	NACC004234	val	24	17
NACC004234_7_AB4G8_011115	NACC004234	val	24	35
NACC018551_14_AB4G8_101828	NACC018551	val	24	63
