case_id,split,number_images,number_positive_images,number_background_images,number_objects,raw_mask_components,identity_status,object_count_status
BU-P12691,train,2496,994,1502,,1002,user_confirmed_independent_patient,pending_annotation_semantics
BU-P12699,valid,950,298,652,,301,user_confirmed_independent_patient,pending_annotation_semantics
BU-P12700,train,155,12,143,,12,user_confirmed_independent_patient,pending_annotation_semantics
BU-P12701,train,146,0,146,,0,user_confirmed_independent_patient,pending_annotation_semantics
BU-P12702,train,1197,108,1089,,108,user_confirmed_independent_patient,pending_annotation_semantics
MS-P13648,train,30,29,1,,29,user_confirmed_independent_patient,pending_annotation_semantics
MS-P13654,train,626,425,201,,429,user_confirmed_independent_patient,pending_annotation_semantics
PART41997,train,773,705,68,,736,user_confirmed_independent_patient,pending_annotation_semantics
PART42018,train,124,124,0,,133,user_confirmed_independent_patient,pending_annotation_semantics
PART42020,train,712,462,250,,498,user_confirmed_independent_patient,pending_annotation_semantics
PART42021,train,143,143,0,,146,user_confirmed_independent_patient,pending_annotation_semantics
PART42022,train,248,0,248,,0,user_confirmed_independent_patient,pending_annotation_semantics
PART42023,train,200,88,112,,91,user_confirmed_independent_patient,pending_annotation_semantics
PART42024,train,157,53,104,,59,user_confirmed_independent_patient,pending_annotation_semantics
PART42025,valid,64,64,0,,69,user_confirmed_independent_patient,pending_annotation_semantics
PART42026,train,31,31,0,,34,user_confirmed_independent_patient,pending_annotation_semantics
PART42027,valid,221,221,0,,253,user_confirmed_independent_patient,pending_annotation_semantics
PART42029,train,170,108,62,,117,user_confirmed_independent_patient,pending_annotation_semantics
