epoch,time,train/box_loss,train/cls_loss,train/dfl_loss,metrics/precision(B),metrics/recall(B),metrics/mAP50(B),metrics/mAP50-95(B),val/box_loss,val/cls_loss,val/dfl_loss,lr/pg0,lr/pg1,lr/pg2
1,21.5674,2.4168,5.66174,2.77713,0,0,0,0,nan,nan,nan,0.000647619,0.000647619,0.000647619
2,27.4769,2.38388,2.76294,2.76404,0,0,0,0,nan,nan,nan,0.00130561,0.00130561,0.00130561
3,33.107,2.32872,2.2794,2.7024,0,0,0,0,nan,nan,nan,0.0019548,0.0019548,0.0019548
4,38.7117,2.30595,2.16127,2.63495,0,0,0,0,nan,nan,nan,0.0019604,0.0019604,0.0019604
5,44.2948,2.27345,2.11959,2.62211,0,0,0,0,nan,nan,nan,0.0019472,0.0019472,0.0019472
6,49.9041,2.22376,2.03125,2.52415,0,0,0,0,nan,nan,nan,0.001934,0.001934,0.001934
7,55.4966,2.16498,1.99544,2.52671,0,0,0,0,nan,nan,nan,0.0019208,0.0019208,0.0019208
8,61.1266,2.14626,1.94891,2.4451,0,0,0,0,nan,nan,nan,0.0019076,0.0019076,0.0019076
9,66.7864,2.12227,1.90472,2.43214,0.47743,0.53913,0.47333,0.11069,2.4653,3.011,2.85711,0.0018944,0.0018944,0.0018944
10,72.47,2.11207,1.87237,2.46368,0,0,0,0,nan,nan,nan,0.0018812,0.0018812,0.0018812
11,78.122,2.04322,1.81743,2.40991,0.44754,0.4931,0.41682,0.13251,2.31085,2.54975,2.93596,0.001868,0.001868,0.001868
12,83.8091,2.02699,1.71017,2.37307,0.62781,0.50435,0.57588,0.1999,2.24854,1.85309,2.76131,0.0018548,0.0018548,0.0018548
13,89.4627,2.012,1.75243,2.35981,0.05355,0.05217,0.01393,0.00259,2.81152,13.5374,3.30008,0.0018416,0.0018416,0.0018416
14,95.0674,1.98046,1.72492,2.32801,0.53451,0.57391,0.57242,0.17914,2.16674,3.33808,2.64747,0.0018284,0.0018284,0.0018284
15,100.671,1.99226,1.73685,2.32304,0.40488,0.14783,0.13475,0.04641,2.88073,4.12556,3.06639,0.0018152,0.0018152,0.0018152
16,106.251,1.97462,1.70977,2.30225,0.5664,0.51304,0.58986,0.20827,2.23736,1.58141,2.70791,0.001802,0.001802,0.001802
17,111.869,2.00157,1.79483,2.30568,0.47381,0.3913,0.36799,0.11535,2.41212,2.24811,2.75319,0.0017888,0.0017888,0.0017888
18,117.455,1.98252,1.75691,2.28118,0.56242,0.68696,0.63842,0.21928,2.18739,1.51565,2.62802,0.0017756,0.0017756,0.0017756
19,123.105,1.93811,1.71826,2.24823,0.01356,0.02609,0.00159,0.00029,2.77309,7.3675,3.20656,0.0017624,0.0017624,0.0017624
20,128.687,2.00072,1.70349,2.27543,0.5997,0.56522,0.5667,0.16476,2.32593,1.64135,2.68067,0.0017492,0.0017492,0.0017492
21,134.223,2.00226,1.67737,2.2833,0.67057,0.64348,0.63905,0.1821,2.29347,1.95374,2.76397,0.001736,0.001736,0.001736
22,139.82,1.94081,1.6911,2.22464,0.61398,0.67826,0.6608,0.22767,2.20983,1.39985,2.61303,0.0017228,0.0017228,0.0017228
23,145.472,1.96338,1.63865,2.25941,0.46206,0.44348,0.39517,0.1315,2.48484,2.00176,2.76437,0.0017096,0.0017096,0.0017096
24,151.198,1.94429,1.60618,2.19215,0.07555,0.15652,0.03338,0.00637,2.78345,8.86488,2.99077,0.0016964,0.0016964,0.0016964
25,156.919,1.94618,1.64484,2.21151,0.25511,0.31304,0.15937,0.0365,2.82742,2.60118,3.42834,0.0016832,0.0016832,0.0016832
26,162.555,1.9512,1.65308,2.20444,0.50759,0.47826,0.46607,0.11539,2.31694,2.13338,2.5927,0.00167,0.00167,0.00167
27,168.139,1.93137,1.65053,2.20333,0.63202,0.52273,0.58645,0.19765,2.16775,1.66429,2.57194,0.0016568,0.0016568,0.0016568
28,173.762,1.86519,1.61914,2.12879,0.60867,0.62609,0.61965,0.18787,2.22606,8.67535,2.55706,0.0016436,0.0016436,0.0016436
29,179.318,1.90227,1.5721,2.17343,0.64053,0.66629,0.68794,0.23223,2.13049,1.50682,2.52818,0.0016304,0.0016304,0.0016304
30,184.974,1.85671,1.61991,2.18815,0.57423,0.52776,0.54265,0.20499,2.13605,1.66793,2.48953,0.0016172,0.0016172,0.0016172
31,190.585,1.91592,1.64194,2.18111,0.79176,0.6282,0.73691,0.26569,2.15437,1.37831,2.51161,0.001604,0.001604,0.001604
32,196.262,1.89589,1.59608,2.15869,0.64371,0.53043,0.57614,0.13295,2.30875,2.28591,2.76204,0.0015908,0.0015908,0.0015908
33,201.835,1.87878,1.57333,2.14676,0.64755,0.57391,0.58215,0.19408,2.22491,1.57256,2.60567,0.0015776,0.0015776,0.0015776
34,207.43,1.87469,1.53669,2.1408,0.71709,0.61739,0.69484,0.18068,2.32421,1.64573,2.5867,0.0015644,0.0015644,0.0015644
35,213.032,1.85133,1.60163,2.08933,0.37732,0.52166,0.33407,0.06694,2.62071,2.69007,3.11527,0.0015512,0.0015512,0.0015512
36,218.772,1.86046,1.58367,2.14244,0.01162,0.01739,0.00216,0.00058,2.88747,11.5505,3.50659,0.001538,0.001538,0.001538
37,224.348,1.87222,1.57922,2.12802,0.62115,0.46087,0.52006,0.19535,2.16236,1.66662,2.49389,0.0015248,0.0015248,0.0015248
38,229.963,1.84997,1.58599,2.11398,0.73364,0.67063,0.74815,0.24535,2.17442,1.467,2.48397,0.0015116,0.0015116,0.0015116
39,235.578,1.86475,1.60807,2.13813,0.81898,0.66957,0.7647,0.21066,2.20381,1.70234,2.6128,0.0014984,0.0014984,0.0014984
40,241.22,1.84023,1.60738,2.13307,0.6344,0.61739,0.6839,0.1857,2.13967,1.99493,2.59024,0.0014852,0.0014852,0.0014852
41,246.804,1.84977,1.62153,2.11935,0.68527,0.65217,0.74488,0.19964,2.21754,1.59548,2.57883,0.001472,0.001472,0.001472
42,252.411,1.88012,1.56536,2.14054,0.84035,0.6,0.74082,0.2116,2.2796,1.4953,2.56477,0.0014588,0.0014588,0.0014588
43,258.018,1.86958,1.57787,2.12779,0.70801,0.62609,0.69424,0.18189,2.10911,1.83354,2.46253,0.0014456,0.0014456,0.0014456
44,263.63,1.83725,1.60652,2.0931,0.791,0.70435,0.79141,0.25003,2.13161,1.4787,2.41848,0.0014324,0.0014324,0.0014324
45,269.127,1.91341,1.57496,2.1263,0.77988,0.64702,0.73408,0.26676,2.06583,1.35896,2.37174,0.0014192,0.0014192,0.0014192
46,274.834,1.86223,1.57079,2.09871,0.4579,0.32319,0.31554,0.05611,2.42843,2.76909,2.71371,0.001406,0.001406,0.001406
47,280.527,1.8206,1.52269,2.09295,0.52011,0.50435,0.50863,0.16834,2.17124,1.75522,2.50151,0.0013928,0.0013928,0.0013928
48,286.15,1.83016,1.62106,2.10659,0.67981,0.65217,0.68017,0.19074,2.13156,1.62789,2.51109,0.0013796,0.0013796,0.0013796
49,291.883,1.88442,1.5994,2.13671,0.50389,0.34783,0.38484,0.08475,2.45057,2.03505,2.78788,0.0013664,0.0013664,0.0013664
50,297.534,1.87132,1.55652,2.15327,0.75645,0.6752,0.70479,0.17668,2.23847,4.23218,2.5599,0.0013532,0.0013532,0.0013532
51,303.152,1.86334,1.5662,2.1135,0.61052,0.68154,0.63698,0.15631,2.21584,1.82619,2.60533,0.00134,0.00134,0.00134
52,308.791,1.85827,1.60818,2.14268,0.77486,0.6087,0.6867,0.22505,2.07285,1.47793,2.38281,0.0013268,0.0013268,0.0013268
53,314.36,1.8709,1.55946,2.11194,0.785,0.66675,0.75017,0.22857,2.16549,1.45029,2.52803,0.0013136,0.0013136,0.0013136
54,319.98,1.82477,1.53429,2.09664,0.24303,0.16522,0.14636,0.02466,2.50096,6.62516,2.87397,0.0013004,0.0013004,0.0013004
55,325.589,1.84811,1.52008,2.08578,0.73675,0.73043,0.76969,0.22311,2.21531,1.62984,2.55965,0.0012872,0.0012872,0.0012872
56,331.271,1.8301,1.52254,2.10531,0.78069,0.71197,0.78018,0.26825,2.13408,2.09703,2.50796,0.001274,0.001274,0.001274
57,336.926,1.83217,1.52183,2.1089,0.78806,0.67899,0.73903,0.23827,2.1589,1.44396,2.51235,0.0012608,0.0012608,0.0012608
58,343.499,1.8776,1.4837,2.12895,0.59736,0.70435,0.62755,0.16593,2.18598,1.76931,2.61616,0.0012476,0.0012476,0.0012476
59,349.16,1.83525,1.5821,2.10605,0.76638,0.62609,0.70198,0.18217,2.19214,1.71838,2.57251,0.0012344,0.0012344,0.0012344
60,354.751,1.76391,1.49818,2.05651,0.7805,0.68696,0.7282,0.28834,1.97639,1.32679,2.3299,0.0012212,0.0012212,0.0012212
61,360.404,1.79786,1.45859,2.06251,0.71508,0.69565,0.72872,0.26234,2.08355,1.36313,2.40013,0.001208,0.001208,0.001208
62,366.011,1.83218,1.5402,2.06787,0.77604,0.73913,0.77083,0.20295,2.14004,1.7405,2.52036,0.0011948,0.0011948,0.0011948
63,371.593,1.84178,1.5024,2.09474,0.37386,0.28696,0.25399,0.04865,2.50281,4.42421,2.80956,0.0011816,0.0011816,0.0011816
64,377.171,1.8187,1.52223,2.04307,0.7844,0.72767,0.77833,0.20913,2.19835,1.52498,2.53094,0.0011684,0.0011684,0.0011684
65,382.723,1.79446,1.54194,2.07439,0.78577,0.54222,0.64854,0.20848,2.16347,1.47871,2.5176,0.0011552,0.0011552,0.0011552
66,388.317,1.80362,1.4955,2.07505,0.46567,0.4087,0.37998,0.0934,2.24293,2.45337,2.6121,0.001142,0.001142,0.001142
67,393.936,1.77976,1.52329,2.03297,0.78574,0.63778,0.70755,0.19121,2.10982,1.60371,2.40834,0.0011288,0.0011288,0.0011288
68,399.537,1.77095,1.52696,2.01922,0.77824,0.70187,0.75855,0.22864,2.10168,1.52339,2.427,0.0011156,0.0011156,0.0011156
69,405.086,1.76276,1.4642,2.01436,0.7487,0.69565,0.75675,0.19075,2.1694,1.60431,2.56436,0.0011024,0.0011024,0.0011024
70,410.698,1.74785,1.47349,2.00187,0.80091,0.67826,0.74773,0.21783,2.07045,1.46693,2.41799,0.0010892,0.0010892,0.0010892
71,416.287,1.75403,1.40016,2.02699,0.81597,0.67826,0.75167,0.20284,2.07635,1.59671,2.4421,0.001076,0.001076,0.001076
72,422.021,1.78617,1.49887,2.05695,0.76745,0.5913,0.67162,0.17966,2.17818,1.62814,2.52514,0.0010628,0.0010628,0.0010628
73,427.704,1.77356,1.48916,2.04364,0.85983,0.69565,0.81262,0.27026,2.02452,1.35408,2.40292,0.0010496,0.0010496,0.0010496
74,433.373,1.74869,1.49294,2.02999,0.76827,0.69191,0.8192,0.25706,2.04451,1.51139,2.35744,0.0010364,0.0010364,0.0010364
75,438.971,1.78473,1.54862,2.03065,0.76704,0.67826,0.75254,0.34218,1.86973,1.29261,2.16503,0.0010232,0.0010232,0.0010232
76,444.647,1.7425,1.43154,2.00396,0.76431,0.68696,0.73476,0.19306,2.29105,1.66329,2.63026,0.00101,0.00101,0.00101
77,450.35,1.74518,1.43458,1.99227,0.51366,0.49565,0.5066,0.11734,2.23659,2.94084,2.52747,0.0009968,0.0009968,0.0009968
78,455.947,1.80164,1.49248,2.02711,0.72453,0.53913,0.61781,0.23133,2.02501,1.57525,2.295,0.0009836,0.0009836,0.0009836
79,461.564,1.7797,1.52038,2.01574,0.82493,0.70435,0.79858,0.22566,2.14056,1.51166,2.41605,0.0009704,0.0009704,0.0009704
80,467.199,1.77179,1.45886,2.0163,0.77876,0.70435,0.78852,0.32011,1.91479,1.34748,2.18143,0.0009572,0.0009572,0.0009572
81,472.759,1.77025,1.5118,2.01064,0.77589,0.66232,0.79852,0.27308,2.02745,1.47073,2.28155,0.000944,0.000944,0.000944
82,478.353,1.7688,1.49606,2.02728,0.78866,0.63478,0.69818,0.28723,1.92705,1.4219,2.20933,0.0009308,0.0009308,0.0009308
83,483.959,1.73177,1.47783,1.98478,0.72192,0.5913,0.64944,0.15607,2.16758,2.06865,2.49027,0.0009176,0.0009176,0.0009176
84,489.564,1.78885,1.4421,1.99505,0.7963,0.69565,0.76755,0.21818,2.13171,1.45311,2.43791,0.0009044,0.0009044,0.0009044
85,495.117,1.69646,1.38913,1.95413,0.82854,0.69565,0.79647,0.31683,1.92992,1.29413,2.18762,0.0008912,0.0008912,0.0008912
86,500.778,1.78325,1.41416,2.01476,0.86529,0.67026,0.79673,0.25101,2.06713,1.44704,2.34791,0.000878,0.000878,0.000878
87,506.406,1.76519,1.4419,2.01482,0.81528,0.80596,0.83694,0.37036,1.88385,1.30492,2.19438,0.0008648,0.0008648,0.0008648
88,512.282,1.76425,1.43015,2.00955,0.7029,0.61739,0.70155,0.32672,1.86051,1.43203,2.18442,0.0008516,0.0008516,0.0008516
89,517.849,1.74353,1.45123,2.01395,0.67817,0.54972,0.57808,0.14576,2.15024,2.17976,2.48941,0.0008384,0.0008384,0.0008384
90,523.811,1.72004,1.38136,1.98034,0.77753,0.65217,0.72521,0.19694,2.11389,1.50508,2.40135,0.0008252,0.0008252,0.0008252
91,529.444,1.72871,1.45602,1.98896,0.80421,0.68696,0.78343,0.23077,2.07943,1.47135,2.39098,0.000812,0.000812,0.000812
92,535.074,1.69473,1.421,1.982,0.79767,0.70435,0.74874,0.21178,2.14654,1.44861,2.44213,0.0007988,0.0007988,0.0007988
93,540.682,1.75507,1.46408,2.00959,0.80952,0.70435,0.78048,0.23795,2.06884,1.35916,2.34442,0.0007856,0.0007856,0.0007856
94,546.299,1.7135,1.4456,1.98609,0.84673,0.66957,0.78636,0.29916,1.93609,1.33469,2.24245,0.0007724,0.0007724,0.0007724
95,552.729,1.70154,1.4456,1.96391,0.66154,0.6,0.68847,0.33886,1.8125,1.31263,2.09791,0.0007592,0.0007592,0.0007592
96,558.539,1.70258,1.44625,1.95119,0.8165,0.73043,0.8256,0.26384,2.13197,4.60383,2.43416,0.000746,0.000746,0.000746
97,564.558,1.74413,1.43413,2.01087,0.85022,0.69104,0.76282,0.19755,2.16864,1.54845,2.57296,0.0007328,0.0007328,0.0007328
98,570.452,1.73357,1.45964,1.99218,0.81937,0.67055,0.76711,0.25395,2.02873,1.38825,2.31121,0.0007196,0.0007196,0.0007196
99,576.056,1.71896,1.44605,1.96179,0.81636,0.65718,0.71146,0.20971,2.18723,1.43591,2.45904,0.0007064,0.0007064,0.0007064
100,581.698,1.68979,1.42933,1.94162,0.75701,0.70433,0.76334,0.22544,2.06464,1.49513,2.40305,0.0006932,0.0006932,0.0006932
101,587.268,1.73491,1.42285,1.98368,0.77191,0.64742,0.71151,0.20163,2.07983,1.48161,2.3965,0.00068,0.00068,0.00068
102,592.914,1.7149,1.41095,1.98432,0.84053,0.73043,0.84084,0.32039,1.95171,1.27693,2.25847,0.0006668,0.0006668,0.0006668
103,598.535,1.69702,1.4414,1.96474,0.73084,0.75652,0.77925,0.22424,2.01326,1.65417,2.33497,0.0006536,0.0006536,0.0006536
104,604.153,1.72386,1.45004,1.98447,0.79779,0.65186,0.7535,0.19107,2.12347,1.55333,2.41651,0.0006404,0.0006404,0.0006404
105,609.78,1.68979,1.38073,1.96233,0.79909,0.7263,0.80022,0.23689,2.03876,1.42847,2.37694,0.0006272,0.0006272,0.0006272
106,615.4,1.70953,1.43165,1.96301,0.76849,0.66957,0.74879,0.19354,2.09812,1.71471,2.38252,0.000614,0.000614,0.000614
107,621.763,1.68993,1.37851,1.93859,0.86099,0.69565,0.81911,0.3048,2.03793,1.30731,2.31106,0.0006008,0.0006008,0.0006008
108,627.447,1.7133,1.43418,1.97197,0.80786,0.71304,0.76267,0.20826,2.08965,1.76386,2.35114,0.0005876,0.0005876,0.0005876
109,633.157,1.69882,1.37073,1.95311,0.71949,0.54783,0.62354,0.17224,2.17434,1.66595,2.45783,0.0005744,0.0005744,0.0005744
110,638.778,1.69144,1.42871,1.96181,0.82882,0.76522,0.80798,0.35888,1.83298,1.25619,2.12247,0.0005612,0.0005612,0.0005612
111,644.384,1.68656,1.42523,1.95769,0.86575,0.72902,0.84082,0.37089,1.86318,1.22505,2.1575,0.000548,0.000548,0.000548
112,650.078,1.69928,1.43513,1.94851,0.90592,0.73043,0.86058,0.27873,2.0596,1.42492,2.36183,0.0005348,0.0005348,0.0005348
113,655.708,1.67578,1.38864,1.91578,0.87994,0.69565,0.82133,0.26172,2.05456,1.33535,2.28789,0.0005216,0.0005216,0.0005216
114,661.377,1.66806,1.38589,1.93919,0.80308,0.64348,0.72865,0.20069,2.08871,1.94279,2.35861,0.0005084,0.0005084,0.0005084
115,667.165,1.65362,1.38703,1.93124,0.77099,0.69565,0.78915,0.21882,2.02958,1.6808,2.34236,0.0004952,0.0004952,0.0004952
116,673.589,1.68134,1.39574,1.93141,0.8726,0.72174,0.83073,0.3699,1.86478,1.23758,2.14709,0.000482,0.000482,0.000482
117,679.184,1.6837,1.40396,1.94674,0.88758,0.68653,0.8314,0.26113,2.03486,1.37246,2.2934,0.0004688,0.0004688,0.0004688
118,684.807,1.73309,1.44802,1.97367,0.81776,0.65217,0.75767,0.23776,2.04431,1.39945,2.276,0.0004556,0.0004556,0.0004556
119,690.371,1.66411,1.41351,1.92037,0.86523,0.72579,0.83014,0.31859,1.99042,1.29601,2.25634,0.0004424,0.0004424,0.0004424
120,695.951,1.70269,1.38931,1.95209,0.67991,0.70435,0.71169,0.17475,2.17438,1.70305,2.45073,0.0004292,0.0004292,0.0004292
121,701.516,1.68408,1.3771,1.93183,0.71053,0.4,0.48611,0.11048,2.26653,2.30884,2.54216,0.000416,0.000416,0.000416
122,707.107,1.66922,1.39325,1.9408,0.74533,0.73805,0.79183,0.24642,2.01276,1.48504,2.35198,0.0004028,0.0004028,0.0004028
123,712.713,1.69128,1.38187,1.9599,0.83738,0.67167,0.79344,0.24983,2.02492,1.44036,2.36267,0.0003896,0.0003896,0.0003896
124,718.341,1.64991,1.37008,1.92961,0.85613,0.66957,0.79997,0.23146,2.09869,1.47703,2.37833,0.0003764,0.0003764,0.0003764
125,723.92,1.6943,1.39028,1.95035,0.80001,0.70435,0.8336,0.27271,2.04331,1.4134,2.30995,0.0003632,0.0003632,0.0003632
126,729.514,1.66342,1.38734,1.92053,0.75227,0.71295,0.79673,0.23561,2.05987,1.42995,2.35473,0.00035,0.00035,0.00035
127,735.107,1.66738,1.3795,1.91113,0.82905,0.69565,0.81484,0.25328,2.07981,1.38943,2.3775,0.0003368,0.0003368,0.0003368
128,740.74,1.66305,1.39667,1.91395,0.80119,0.66957,0.75837,0.21859,2.0426,1.49722,2.32961,0.0003236,0.0003236,0.0003236
129,746.307,1.65777,1.37867,1.92333,0.80964,0.70271,0.8063,0.24271,2.05859,1.50225,2.33418,0.0003104,0.0003104,0.0003104
130,751.929,1.65675,1.35307,1.88545,0.82987,0.67867,0.77954,0.23585,2.09933,1.45163,2.41437,0.0002972,0.0002972,0.0002972
131,757.541,1.66383,1.3644,1.91499,0.80772,0.69407,0.76818,0.21151,2.17441,1.50569,2.48743,0.000284,0.000284,0.000284
132,763.284,1.65654,1.34533,1.90742,0.81576,0.72174,0.79618,0.21989,2.12465,1.54608,2.4345,0.0002708,0.0002708,0.0002708
133,769.125,1.67509,1.36789,1.92591,0.80242,0.671,0.75425,0.2121,2.14082,1.48541,2.43405,0.0002576,0.0002576,0.0002576
134,774.721,1.64599,1.35122,1.90901,0.85425,0.73043,0.82148,0.27937,2.05473,1.47769,2.36903,0.0002444,0.0002444,0.0002444
135,780.427,1.68411,1.37995,1.92428,0.78564,0.67826,0.76889,0.21174,2.10411,1.62432,2.39328,0.0002312,0.0002312,0.0002312
136,787.715,1.59226,1.3178,1.88633,0.76684,0.71304,0.80286,0.24482,2.05366,1.37957,2.31509,0.000218,0.000218,0.000218
137,793.368,1.59639,1.2781,1.89777,0.80973,0.71304,0.802,0.2182,2.12035,1.49378,2.38987,0.0002048,0.0002048,0.0002048
138,799.005,1.5748,1.26116,1.89062,0.77415,0.67826,0.74059,0.20462,2.14188,1.46037,2.44108,0.0001916,0.0001916,0.0001916
139,804.628,1.56352,1.2504,1.87727,0.79147,0.7261,0.82065,0.24229,2.07276,1.39378,2.35084,0.0001784,0.0001784,0.0001784
140,810.571,1.59367,1.25205,1.91089,0.76062,0.65217,0.72303,0.1952,2.11483,1.50564,2.41121,0.0001652,0.0001652,0.0001652
141,816.448,1.6041,1.2828,1.91782,0.80801,0.69565,0.80133,0.23714,2.03788,1.40741,2.33144,0.000152,0.000152,0.000152
