model	held_out_case	n_gt_boxes	AP50	precision	recall	F1	best_conf
v1 (NACC only)	NACC036233	133	0.879	0.843	0.805	0.823	0.292
v1 (NACC only)	NACC054803	65	0.870	0.925	0.754	0.831	0.404
v1 (NACC only)	NACC068046	225	0.782	0.780	0.756	0.767	0.188
v1 (NACC only)	NACC782796	171	0.921	0.822	0.889	0.854	0.297
v1 (NACC only)	NACC928383	209	0.801	0.733	0.761	0.746	0.251
v1 (NACC only)	POOLED	803	0.829	0.787	0.768	0.778	0.281
hn1 (+260 hard negatives)	NACC036233	133	0.919	0.821	0.895	0.856	0.245
hn1 (+260 hard negatives)	NACC054803	65	0.810	0.806	0.892	0.847	0.397
hn1 (+260 hard negatives)	NACC068046	225	0.809	0.669	0.809	0.732	0.091
hn1 (+260 hard negatives)	NACC782796	171	0.917	0.825	0.883	0.853	0.100
hn1 (+260 hard negatives)	NACC928383	209	0.811	0.833	0.694	0.757	0.211
hn1 (+260 hard negatives)	POOLED	803	0.810	0.791	0.721	0.754	0.191
hn2 = RELEASED (+148 artifact negatives, +85 reviewed positives)	NACC036233	133	0.882	0.819	0.850	0.834	0.289
hn2 = RELEASED (+148 artifact negatives, +85 reviewed positives)	NACC054803	65	0.851	0.760	0.877	0.814	0.233
hn2 = RELEASED (+148 artifact negatives, +85 reviewed positives)	NACC068046	225	0.815	0.759	0.716	0.737	0.297
hn2 = RELEASED (+148 artifact negatives, +85 reviewed positives)	NACC782796	171	0.888	0.819	0.848	0.833	0.255
hn2 = RELEASED (+148 artifact negatives, +85 reviewed positives)	NACC928383	209	0.820	0.664	0.842	0.743	0.165
hn2 = RELEASED (+148 artifact negatives, +85 reviewed positives)	POOLED	803	0.835	0.750	0.796	0.772	0.244
all-data baseline (8 cases incl. non-NACC)	NACC036233	133	0.934	0.873	0.880	0.876	0.271
all-data baseline (8 cases incl. non-NACC)	NACC054803	65	0.849	0.788	0.800	0.794	0.321
all-data baseline (8 cases incl. non-NACC)	NACC068046	225	0.786	0.831	0.676	0.745	0.166
all-data baseline (8 cases incl. non-NACC)	NACC782796	171	0.912	0.801	0.895	0.845	0.260
all-data baseline (8 cases incl. non-NACC)	NACC928383	209	0.792	0.833	0.646	0.728	0.346
all-data baseline (8 cases incl. non-NACC)	POOLED	803	0.828	0.812	0.742	0.776	0.271
